name,value,mySubCategoryFlg
女装/女士精品,16,1
针织衫,50000697,0
毛呢外套,50102538,0
T恤,50000671,0
羽绒服,50099260,0
棉衣,50016772,0
卫衣,50008898,0
风衣,50031724,0
短外套,50016768,0
衬衫,162104,0
羊绒衫,50098749,0
针织开衫,50906001,0
小西装,50016771,0
真皮皮衣,50095934,0
皮草,50096877,0
雪纺衫/蕾丝衫,50066686,0
长袖T恤,50044611,0
长袖衬衫,50095933,0
小背心/吊带,50067404,0
牛仔裤,50015514,0
小脚/铅笔裤,50095942,0
休闲裤,50106139,0
打底裤,50007068,0
哈伦裤,50101586,0
短裤/热裤,50044671,0
棉麻裤,51106004,0
西装/正装裤,50067560,0
七/九分裤,50044672,0
阔腿裤,50101674,0
高腰裤,51100006,0
连体裤,50010850,0
破洞牛仔裤,51088009,0
微喇牛仔裤,51110002,0
安全裤,51106006,0
连衣裙,51108009,0
半身裙,1623,0
长袖连衣裙,51106012,0
中长款连衣裙,51712001,0
短袖连衣裙,51104005,0
雪纺裙,50095417,0
中长款半身裙,51714001,0
牛仔连衣裙,51708001,0
牛仔半身裙,51710001,0
马夹,50029581,0
大码女装,50099705,0
职业装/工作服/校服,1624,0
中老年女装,50000852,0
唐装/民族/舞台服装,50008906,0
婚纱/礼服/旗袍,50099718,0
仿皮皮衣,50095935,0
男装,30,1
长袖T恤,50000436,0
长袖衬衫,50011131,0
卫衣,50099315,0
薄夹克,51624005,0
风衣,50099274,0
薄毛衣,50302021,0
针织开衫,50304017,0
牛仔长裤,50010167,0
休闲长裤,50011179,0
长袖POLO衫,50026901,0
夹克,50010158,0
羽绒服,50029375,0
T恤,50040965,0
衬衫,50045018,0
棉衣,50029373,0
西服,50095646,0
呢大衣,50101584,0
毛衣/针织衫,50000557,0
马甲,50018529,0
皮夹克,50099270,0
西服套装,50019371,0
羽绒马甲,51638004,0
皮衣,50099312,0
皮草,50101579,0
POLO衫,50102173,0
毛背心,50032081,0
背心,50041594,0
牛仔裤,50106127,0
休闲裤,50106128,0
西裤,50011129,0
工装裤,50099276,0
哈伦裤,51650002,0
棉裤,50101580,0
羽绒裤,50101581,0
皮裤,50019397,0
沙滩裤,50101577,0
中老年男装,50052113,0
大码男装,50046607,0
民族服装,50010168,0
工装制服,50019398,0
女鞋,50006843,1
单鞋,50012027,0
帆布鞋,50012042,0
高跟单鞋,50029741,0
坡跟单鞋,50044777,0
低跟单鞋,50029737,0
松糕鞋,50095027,0
超高跟单鞋,50029740,0
防水台单鞋,50100632,0
尖头鞋,50038016,0
娃娃鞋,50067391,0
软底鞋,50100633,0
水钻单鞋,50100624,0
厚底鞋,50067388,0
花朵鞋,50038014,0
内增高鞋,50012055,0
豹纹鞋,50038015,0
铆钉鞋,50038013,0
靴子,50012028,0
短靴,50029742,0
高帮鞋,50029451,0
中筒靴,50031713,0
高筒靴,50029747,0
雪地靴,50031712,0
过膝长靴,50031714,0
马丁靴,50029743,0
流苏靴,50033543,0
骑士靴,50031716,0
中跟靴,50100723,0
高跟靴,50100724,0
平跟靴,50100721,0
低跟靴,50100722,0
铆钉靴,50033547,0
凉鞋,50027236,0
鱼嘴鞋,50038555,0
凉拖,50043914,0
防水台凉鞋,50039086,0
罗马凉鞋,50039087,0
坡跟凉鞋,50040823,0
松糕凉鞋,50100625,0
镂空凉鞋,50040821,0
水钻凉鞋,50040824,0
坡跟凉拖,50027279,0
蝴蝶结凉鞋,50040826,0
雨鞋/靴,50012047,0
人字拖,50040827,0
花朵凉鞋,50040798,0
夹趾凉鞋,50040825,0
松糕凉拖,50100626,0
洞洞鞋,50041262,0
大码女鞋,51034016,0
小码女鞋,51048014,0
男鞋/皮鞋/休闲鞋,50016853,1
日常休闲鞋,50016860,0
运动休闲鞋,50034268,0
商务休闲鞋,50034261,0
休闲皮鞋,50018325,0
正装皮鞋,50016861,0
增高鞋,50016866,0
帆布鞋,50016863,0
板鞋,50045452,0
懒人鞋,50045470,0
高帮鞋,50034269,0
雨鞋,50042674,0
靴子,50016862,0
工装靴,50045901,0
牛仔靴,50045886,0
雪地靴,50045890,0
短筒靴,50386022,0
中筒靴,50390016,0
皮靴,50384024,0
棉鞋,50372013,0
凉鞋,50016864,0
凉拖,50040997,0
真皮凉鞋,50105848,0
运动休闲凉鞋,50105849,0
沙滩凉鞋,50105850,0
夹趾凉鞋,50105851,0
套趾凉鞋,50105852,0
正装凉鞋,50105853,0
人字拖,50105854,0
大码男鞋,51052013,0
小码男鞋,51052014,0
女包,50006842,1
单肩包,50072721,0
手提包,50072765,0
斜挎包,50072769,0
钱包,50072766,0
双肩包,50072723,0
手拿包,50072770,0
真皮包,50072724,0
PU女包,50072767,0
帆布包,50072771,0
链条包,50100772,0
流苏包,50072768,0
铆钉包,50095782,0
复古包,50344002,0
豹纹包,50097985,0
蝴蝶结包,50095787,0
蕾丝包,50097986,0
男包,50072686,1
钱包,50072693,0
单肩包,50072687,0
手提包,50072690,0
斜挎包,50105328,0
手拿包,50072697,0
双肩包,50072691,0
腰包,50072692,0
胸包,50072699,0
商务男包,50099839,0
休闲男包,50099841,0
运动男包,50099840,0
真皮包,50107709,0
帆布包,50107711,0
PU包,50107710,0
功能箱包,50072688,1
旅行包（无拉杆）,50099520,0
拉杆包,50099521,0
登机箱（20寸及以下）,50099522,0
托运箱（飞机托运）,50099523,0
休闲型双肩包,50099539,0
运动型双肩包,50099536,0
甜美型双背包,50099538,0
商务型双肩包,50099537,0
零钱包,50099528,0
卡片包,50099527,0
钥匙包,50099529,0
其他小包,50099570,0
旅行箱,50072689,0
背包/双肩包,50072703,0
旅行包,50072708,0
卡套卡包,50072709,0
腰包,50072707,0
休闲钱包,50074963,0
箱包配件,50108342,0
女士内衣/男士内衣/家居服,1625,1
聚拢文胸,50069523,0
调整型文胸,50074256,0
所有文胸,50043423,0
文胸套装,50031719,0
小杯文胸,50043427,0
大杯文胸,50043426,0
深V性感,50041198,0
舒适无钢圈,50096632,0
净色文胸,50043429,0
少女文胸,50043424,0
无痕文胸,50043433,0
前扣文胸,50096635,0
抹胸式文胸,50043432,0
隐形硅胶文胸,50043436,0
女三角裤,50074974,0
男平角裤,50026972,0
所有内裤,51730001,0
女丁字/T裤,50028038,0
男三角裤,50026973,0
女平角裤,50074973,0
男U凸内裤,50026974,0
男棉内裤,50028608,0
女棉内裤,50096769,0
女莫代尔内裤,50028610,0
男卡通内裤,50028005,0
男莫代尔内裤,50028971,0
情侣内裤,50032206,0
女收腹裤,50096772,0
女无痕内裤,50074341,0
女卡通内裤,50074258,0
女内裤,52472001,0
男内裤,52474001,0
女士睡衣,51732001,0
棉质睡衣,50074541,0
男士睡衣,51734001,0
睡衣套装,50026965,0
所有睡衣/家居服,51740001,0
珊瑚绒睡衣,50540035,0
情侣睡衣,50026969,0
睡裙/家居裙,50028801,0
睡袍/浴袍,50026861,0
夹棉睡衣,50348023,0
男睡衣/家居服套装,50074527,0
真丝睡衣,50106016,0
莫代尔睡衣套装,50106015,0
睡裤/家居裤,50026846,0
摇粒绒睡衣,50350019,0
睡衣上装,50026845,0
女式保暖内衣,50096682,0
保暖套装,50029602,0
棉质内衣套装,50096684,0
男士保暖内衣,50096699,0
保暖裤,50026903,0
所有保暖内衣,51736002,0
吊带/背心/T恤,50962013,0
莫代尔内衣套装,50096687,0
保暖上衣,50049233,0
情侣保暖内衣,50032208,0
莱卡内衣套装,50096685,0
保暖背心,50096710,0
羊绒裤,50096709,0
羊毛裤,50096708,0
无缝美体内衣,50096694,0
羽绒保暖,50096711,0
保暖开衫,50096712,0
女袜,51736001,0
丝袜,50096752,0
男袜,50074529,0
所有袜子,51738003,0
连裤袜,50026939,0
棉袜,50026998,0
中筒袜,50026941,0
短袜,50026942,0
船袜,50028804,0
脚踩袜,50026944,0
九分打底裤袜,50026945,0
高筒袜,50026940,0
糖果袜,50096758,0
情侣袜,51738001,0
袜套,50026948,0
七分/五分裤袜,50026946,0
所有塑身内衣,51738002,0
塑身连体衣,50026868,0
塑身裤,50026865,0
塑身分体套装,50026867,0
塑身腰封/腰夹,50026866,0
长款塑身衣,50026870,0
中款塑身衣,50026869,0
短款塑身衣,50026864,0
抹胸,50026950,0
肚兜,50026951,0
肩带,50026956,0
胸贴/乳贴,50026957,0
吊袜带,50026960,0
插片,50026958,0
延长扣,50026959,0
防滑扣,50043450,0
服饰配件/皮带/帽子/围巾,50010404,1
女士雪纺围巾,51972002,0
女士棉麻围巾,51950002,0
女士披肩,52008001,0
所有女士围巾,51926004,0
韩版围巾,52002002,0
女士长方形围巾,51930005,0
女士假领,51920005,0
女士真丝围巾,51910002,0
所有男士围巾,52012001,0
男士格子围巾,52010001,0
纯色围巾,51924005,0
女士毛线围巾,52002001,0
女士大方巾,52004001,0
男士毛线围巾,51960005,0
西装领巾,51942003,0
女士三角巾,52006001,0
男士拼色围巾,51910003,0
男士牛皮皮带,52012002,0
所有男士腰带,51924006,0
简约百搭,51988002,0
所有女士腰带,52022001,0
男士自动扣皮带,52026001,0
男士针扣皮带,52024001,0
男士光面皮带,51940008,0
女士牛皮腰带,51972003,0
商务正装,51942005,0
男士平滑扣皮带,51920006,0
女士针扣腰带,52016001,0
男士帆布腰带,51942006,0
女士腰封,52020001,0
女士PU腰带,52010002,0
女士宽版腰带,51940007,0
女士细款腰带,52014001,0
女士编织腰带,51942004,0
女士腰链,52018001,0
女士毛线帽,51968002,0
所有女士帽子,51946003,0
女士棒球帽,51998002,0
所有男士帽子,51948003,0
嘻哈帽,51942007,0
男士棒球帽,52014002,0
自然休闲,51972004,0
甜美可爱,51940009,0
女士礼帽,51910004,0
男士毛线帽,52002003,0
女士鸭舌帽,51916006,0
男士平顶帽,51940010,0
女士盆帽,51988003,0
男士鸭舌帽,52002004,0
女士平顶帽,51950003,0
男士包头帽,52030001,0
PU帽,51998003,0
女士马术帽,52028001,0
女士毛线手套,52032001,0
女士羊皮手套,51948004,0
男士羊皮手套,52034001,0
所有女士手套,51942008,0
男士半指手套,51982002,0
所有男士手套,52022002,0
女士分指手套,51968003,0
女士半指手套,51924007,0
男士分指手套,52036001,0
女士连指手套,52016002,0
男士毛线手套,51960006,0
男士连指手套,52024002,0
粗毛线,52016003,0
所有毛线,52038001,0
羊绒线,52028002,0
貂绒线,52018002,0
中细毛线,52030002,0
细毛线,52020002,0
羊毛线,51988004,0
马海毛,51998004,0
领带,51936001,0
婚纱礼服配件,164206,0
品质手帕,50538038,0
耳套,50338021,0
围巾/手套/帽子套件,50534047,0
领结,51938001,0
运动颈环/手环/指环,51940001,0
袖扣,50096152,0
布面料,51936002,0
鞋包/皮带配件,50010406,0
其他配件,50532037,0
领带夹,50096153,0
运动鞋,50010388,1
运动服/休闲服,50016756,1
运动套装,50066884,0
冲锋衣裤套装,50442014,0
健身纤体服装,50424016,0
球服/专业服装,50446015,0
速干套装,50454017,0
抓绒套装,50448014,0
羽绒套装,50446018,0
滑雪套装,50436017,0
运动卫衣,50029216,0
运动茄克,50041697,0
运动风衣,50016781,0
运动棉衣,50041694,0
运动羽绒服,50041673,0
T恤,50414025,0
运动马甲,50434013,0
冲锋衣,50450011,0
运动polo衫,50066601,0
抓绒衣,50442022,0
皮肤风衣,50444021,0
运动抓绒卫衣,50070868,0
休闲运动背心,50071203,0
运动毛衣,50033820,0
羽绒裤,50430033,0
运动裤,50432055,0
运动长裤,50071140,0
运动中长裤/短裤,50066647,0
运动卫裤/休闲裤,50066954,0
冲锋裤,50432012,0
工装裤,50448015,0
户外棉裤,50448016,0
运动连衣裙,50041700,0
内衣内裤,50456017,0
运动半身裙,50016803,0
运动单/双肩背包,50071130,0
运动配件,50432018,0
运动鼓包/旅行包,50071134,0
男装,50426024,0
保暖上装,50436022,0
女装,50404023,0
保暖下装,50436023,0
童装/青少年服装,50438002,0
保暖套装,50454022,0
保暖配件,50438019,0
运动包/户外包/配件,50484015,1
户外运动用品,2203,1
户外服装,50031727,0
冲锋衣裤/套装,50456025,0
抓绒衣裤/套装,50444030,0
军迷服/套装,50452043,0
羽绒衣裤/套装,50446025,0
休闲衣裤/套装,50456022,0
速干衣裤/套装,50450017,0
风雪/雨衣,50430039,0
保暖服(内胆),50436025,0
内衣/内裤,50446030,0
滑雪服/套装,50446024,0
户外鞋,50031728,0
登山/徒步鞋,50452024,0
徒步鞋(低帮),50452025,0
雪地靴/保暖鞋,50432029,0
休闲鞋,50454015,0
越野跑步鞋,50442027,0
工装鞋/靴,50430024,0
溯溪鞋/两栖鞋,50438023,0
钓鱼用品,50100136,0
鱼竿,50450022,0
鱼饵,50430042,0
浮漂,50446032,0
渔轮,50448028,0
鱼线,50436027,0
路亚,50438024,0
鱼钩,50450024,0
登山包/双肩包,50432013,0
户外箱包,50031729,0
垂钓/渔具包,50430040,0
腰包/胸包,50444032,0
休闲包/挎包,50430025,0
洗漱/盥洗包,50436026,0
骑行包/机车包,50440024,0
帽子/头套,50033256,0
防护/保暖手套,50033257,0
围巾/围脖,50033259,0
头巾/护耳,50033258,0
腰带/皮带,50040982,0
其他配饰,50033263,0
贴章/臂章,50040983,0
鞋带/鞋垫,50033262,0
刀具工具,50031744,0
户外照明,50031742,0
户外帐篷,50031730,0
户外手表,50032264,0
望远镜,50031737,0
野炊用品,50031735,0
户外水具,50031734,0
户外眼镜,50032306,0
睡袋,50031731,0
辅助用品,50450032,0
登山杖,50031740,0
户外垫子,50031732,0
户外家具,50032365,0
户外通讯,50031738,0
户外食品,50035841,0
军迷用品,50100797,0
军迷鞋,50430043,0
军迷服装,50444038,0
军迷配饰,50430044,0
军迷包袋,50442033,0
船只舰艇,50032666,0
潜水用品,50032667,0
攀岩攀冰,50032662,0
冲浪滑水,50032668,0
绑钩器,50500001,0
其它,50034209,0
培训拓展,50035746,0
场地门票,50100238,0
运动/瑜伽/健身/球迷用品,50010728,1
羽毛球/超级丹,50023626,0
篮球/NBA,50029563,0
足球,50038568,0
乒乓球,50029115,0
网球,50038712,0
高尔夫,50039361,0
台球/斯诺克,50039058,0
棒球,50039712,0
排球,50038737,0
冰球/速滑/冰上运动,50040549,0
其他球类,50488001,0
山地车,50480008,0
自行车/装备/配件,50468004,0
电动车/电瓶车,50458008,0
自行车/单车,50474007,0
骑行服/装备,50462004,0
死飞/Fixed Gear,51032022,0
电动车/装备/配件,50464003,0
跑步机/大型健身器械,50038445,0
泳衣/游泳装备,50470012,0
轮滑/滑板/极限运动,50037900,0
舞蹈/健美操/体操,50037053,0
瑜伽,50037707,0
踏步机/中小型健身器材,50038418,0
跆拳道/武术/搏击,50040008,0
跳舞毯,50010828,0
跳绳/呼啦圈/民间运动,50412025,0
麻将/棋牌/益智类,50039742,0
飞镖/桌上足球/室内休闲,50040125,0
风筝,50040150,0
马术运动,50071984,0
F1/赛车,50040544,0
击剑运动,50071985,0
运动书籍/教材,50046273,0
赛事纪念/球迷用品,50412026,0
游乐场/体育场馆设施,50029680,0
田径运动器材,50038599,0
裁判用品,50408022,0
其他运动用品,50490001,0
运动健身卡/会员卡,50046254,0
珠宝/钻石/翡翠/黄金,50015926,1
饰品/流行首饰/时尚饰品,1705,1
ZIPPO/瑞士军刀/眼镜,28,1
太阳眼镜,50010368,0
眼镜架,50018533,0
功能眼镜,50018619,0
偏光太阳镜,50023876,0
眼镜片,50018552,0
眼镜配件、护理剂,50018752,0
装饰/搭配眼镜,50007281,0
滴眼液、护眼用品,50018751,0
ZIPPO/芝宝,2908,0
品牌打火机/其它打火机,50000467,0
瑞士军刀,290601,0
烟具/烟斗/烟嘴/戒烟,2909,0
酒具,50024180,0
数码相机/单反单电/摄像机,14,1
电脑硬件/显示器/电脑周边,11,1
办公设备/耗材/相关服务,50007218,1
打印机,110514,0
多功能一体机,111204,0
投影机,111219,0
保险箱,50043162,0
复印机,50044775,0
扫描仪,110501,0
包装设备/包装用品,50065158,0
传真/通讯设备,50008551,0
考勤门禁,50044774,0
更多办公设备,50010757,0
磁盘刻录存储用品,50097221,0
刻字机,50008331,0
点钞/验钞/收款机,50097239,0
条码扫描/采集器材,50097238,0
墨盒,111404,0
硒鼓/粉盒,111405,0
墨粉/碳粉,111403,0
办公用纸,50024360,0
色带/碳带,111407,0
墨水,50044772,0
油墨,50043789,0
办公线材,50043764,0
其它耗材,111409,0
投影机配件,50008352,0
打印机配件,50044681,0
更多办公设备配件,50024052,0
复印机配件,50024054,0
多功能一体机配件,50024055,0
商务礼品个性定制服务,50032611,0
刻录盘个性化服务,50024070,0
硒鼓加粉服务,50024071,0
设备维修或租赁服务,50024072,0
网络设备/路由器/网络相关,50041307,1
3C数码配件市场,50008090,1
大家电,50035182,1
厨房电器,50018930,1
生活电器,50018957,1
影音电器,50018908,1
耳机/耳麦,50018909,0
硬盘/网络播放器,50019214,0
扩音器,50019225,0
蓝光/DVD影碟机,50018914,0
收音机,50019665,0
移动/便携DVD,50019212,0
收录机/面包机,50019217,0
CD机/卡座/黑胶音源,50019130,0
复读机,50019218,0
CD/磁带/MD随身听,50099392,0
视频眼镜,50096928,0
组合/迷你/插卡音响,50018913,0
HIFI音箱,50018916,0
低音炮,50019131,0
Hifi套装,50019140,0
世嘉宠物小音响,50096919,0
功放,50018917,0
胆机,50018918,0
解码器,50018921,0
混响,50019134,0
耳放,50019132,0
话放,50019133,0
麦克风/话筒,50018923,0
KTV(舞台),50067695,0
调音台(舞台),50067680,0
工程解决方案,50019220,0
效果器(舞台),50067693,0
打碟机,50067696,0
均衡(舞台),50067683,0
分频器(舞台),50067694,0
专业音频放大器(舞台),50067685,0
Hifi音响配件,50028664,0
线材,50018919,0
麦克风/话筒配件,50036710,0
遥控器,50034050,0
电源插头/插座,50028731,0
碟/电池/电源适配器,50019251,0
耳机耳麦配件,50018928,0
音频/视频无线传输器材,50018927,0
更多影音配件,50018929,0
其他音箱&nbsp;,50096931,0
其他视听播放器,50099393,0
其它影音产品&nbsp;,50096930,0
保健按摩器材,50049318,1
按摩椅,50049389,0
腰颈按摩枕/靠垫,50049375,0
按摩棒/锤,50049323,0
按摩披肩,50051927,0
迷你按摩器,50049381,0
按摩椅垫,50049393,0
眼部按摩器,50049386,0
按摩床垫,50049401,0
头部按摩器,50049382,0
足浴器,50049319,0
按摩足疗机,50049385,0
艾条/艾绒/艾柱,50069281,0
刮痧片/板,50049378,0
温灸器,50069280,0
拔罐器,50049384,0
桑拿浴箱,50019182,0
点穴棒,50071970,0
足浴药,50049396,0
足部按摩走毯,50071999,0
血压计,50049325,0
电子体温计,50049383,0
电子计步器,50049387,0
保健项圈/手环,50049388,0
保健护膝/腰/腿,50049374,0
家用电子理疗仪,50049324,0
手杖/拐杖/助行器,50049394,0
电子血糖仪,50049377,0
家用氧吧,50067491,0
轮椅,50049390,0
坐便椅,50049391,0
接尿用品,50049395,0
足底理疗/气血循环机,50049376,0
止鼾器,50049392,0
配件专区,50072275,0
其他按摩器材,50049402,0
其他家庭保健器材,50049400,0
家电配件,50051952,1
美容护肤/美体/精油,1801,1
彩妆/香水/美妆工具,50010788,1
香水,50010815,0
BB霜,50031311,0
粉饼,50010790,0
粉底液/膏,50010789,0
隔离/妆前/打底,50010793,0
蜜粉/散粉,50010792,0
遮瑕,50010803,0
腮红/胭脂,50010805,0
修颜/高光/阴影粉,50010936,0
睫毛膏/睫毛增长液,50010794,0
眼线,50010797,0
眼影,50010796,0
眉笔/眉粉/眉饼,50010798,0
假睫毛/假睫毛工具,50044975,0
双眼皮贴/胶水,50010800,0
唇膏/口红,50010808,0
唇彩/唇蜜,50010807,0
唇笔/唇线笔,50010801,0
化妆/美容工具,50010817,0
化妆刷/刷包,50044977,0
彩妆套装/彩妆盘,50010812,0
指甲油/美甲产品,50010810,0
身体彩绘,50010813,0
男士彩妆,50044980,0
其它彩妆,50010814,0
美发护发/假发,50071436,1
刘海片,50071657,0
整顶假发,50071655,0
接发片,50071658,0
其它假发/假发配件,50071660,0
假发配件/工具,50071659,0
马尾/发包/丸子,50071656,0
洗发水,50071661,0
护发素,50071662,0
发膜/倒膜,50071664,0
免洗护发素,50071663,0
洗发护发套装,50071666,0
弹力素,50071667,0
蓬松喷雾,50071670,0
发泥/发蜡,50071668,0
发胶,50071671,0
蓬蓬粉,50071669,0
直发膏,50071672,0
染发膏,50071673,0
其它美发护发产品,50071675,0
烫发水,50071674,0
童装/童鞋/亲子装,50008165,1
婴幼外出服套装,50095672,0
连身衣/爬服/哈衣,50010537,0
新生儿礼盒,50032645,0
婴儿步前鞋/学步鞋,50095668,0
婴儿内衣,50095669,0
披风/斗篷,50010530,0
防抓手套/婴儿袜,50095784,0
罩衣/袖套/围嘴,50095676,0
大PP裤,50095696,0
肚兜/肚围/护脐带,50095671,0
棉衣/羽绒服,50010531,0
普通外套/开衫,50023854,0
卫衣/绒衫,50010518,0
毛衣/针织衫,50029370,0
T恤,50376021,0
马甲,50010524,0
夹克/皮衣,50388020,0
呢大衣/风衣,50010520,0
衬衫,50010527,0
吊带/贴身背心,50382016,0
西服/小西装,50368020,0
针织背心,50368026,0
裤子,50095699,0
打底/小脚/靴裤,50095697,0
牛仔裤,50095692,0
裙子,50095702,0
连衣裙,50095700,0
休闲裤,50386031,0
背带裤,50095693,0
哈伦裤/灯笼裤,50095698,0
运动裤,50370018,0
背带裙,50095701,0
儿童套装,50095706,0
秋衣/棉毛衫裤,50095703,0
运动套装,50010528,0
内裤/睡衣,50368022,0
旗袍/唐装/礼服,50380013,0
舞蹈服/演出服,50033987,0
校服/校服定制,50038005,0
儿童泳衣/裤/帽,50074799,0
摄影服装,50492050,0
亲子装,50046016,0
母女装,50046018,0
母子装,50046017,0
亲子鞋,50372016,0
青少年羽绒服,50382021,0
青少年牛仔裤,50380025,0
青少年运动鞋,50398005,0
青少年休闲装,50376026,0
青少年T恤,50390023,0
少女连衣裙,50384031,0
青少年帆布鞋,50392029,0
青少年休闲裤,50370016,0
青少年风衣,50392028,0
青少年衬衫,50380024,0
青少年小西装,50370015,0
靴子/雪地靴,50023998,0
运动鞋/球鞋,50023991,0
皮鞋,50023993,0
帆布鞋,50398003,0
棉鞋,50023999,0
凉鞋,50023997,0
家居拖鞋/凉拖,50024000,0
雨鞋/靴,50024004,0
舞蹈鞋,50039894,0
鞋垫/鞋带/其他,50386028,0
袜子,50006584,0
帽子/围巾/手套/口罩,50006583,0
可爱发饰,50023948,0
太阳镜,50023953,0
项链首饰,50023952,0
其它配饰,50023954,0
腰带/皮带/背带,50046238,0
领带/领结,50032712,0
孕妇装/孕产妇用品/营养,50067081,1
棉衣/大衣/羽绒服,50074078,0
卫衣/绒衫,50023975,0
外套/风衣,50023962,0
休闲套装,50098102,0
针织衫/毛衣,50098099,0
衬衫/雪纺衫/打底衫,50098100,0
T恤,50023967,0
吊带/背心/马甲,50098101,0
其它,50102469,0
孕妇裤/托腹裤,50073179,0
孕妇连衣裙/半身裙,50002664,0
打底裤/袜,50102473,0
背带裤,50102476,0
七分裤/九分裤,50102478,0
中裤/五分裤,50102477,0
孕妇婚纱/礼服,50528031,0
睡衣家居服/哺乳装,50006012,0
孕产妇文胸/内裤,50023965,0
保暖内衣,50074070,0
防辐射服,50102467,0
叶酸/维生素/钙铁锌,50005997,0
排卵试纸/早孕检测,50018553,0
妊娠纹防护/修复,50102479,0
孕产妇奶粉,50032612,0
孕产妇护肤/洗护,50043340,0
护腰枕/托腹带,50098107,0
产检裤,50074067,0
新生儿服装,50098179,0
新生儿用品,50098112,0
待产包,50038537,0
新生儿玩具,50098057,0
束腹带,50006010,0
妈咪包,50044786,0
产前产后必备用品,50006000,0
防溢乳垫/乳房保养,50067084,0
产妇帽/孕妇鞋/袜,50018341,0
吸奶器/母乳储存保鲜,50098110,0
哺乳枕,50018363,0
月子餐/月子食用油,50102472,0
催发奶产品,50074119,0
月子米酒/月乃汤,50102481,0
骨盆矫正带/塑身衣,50067085,0
疤痕修复/瘦身紧致,50102480,0
美容胶带,50033808,0
新生儿,50097448,1
奶粉/辅食/营养品,35,1
尿片/洗护/喂哺/推车床,50006004,1
纸尿裤/拉拉裤,50002634,0
隔尿床垫,50033681,0
纱布尿布,50008707,0
布尿裤,50008710,0
隔尿垫巾,50008706,0
尿布带,50034742,0
其它,50026032,0
奶瓶,50009522,0
餐椅,50005964,0
餐具/水杯/研磨,50009521,0
毛巾/围嘴/饭兜,50006020,0
奶嘴/安抚奶嘴,50072014,0
奶瓶相关附件,50043358,0
消毒/暖奶/调奶/锅,50031700,0
湿巾/湿巾加热,50072019,0
耳勺/体温计/吸鼻器,50006017,0
理发/梳子/指甲剪,50072015,0
儿童坐便用具,50072016,0
洗发/沐浴/润肤,50004439,0
浴盆/洗发帽/水温计,50042694,0
护臀/痱子粉/防晒,50072011,0
洗衣液/皂/柔顺剂,50005970,0
礼盒套装,50032852,0
凝露/金水,50032848,0
睡袋/被子/抱毯/毛毯,50072009,0
童床/婴儿床/摇篮,50067080,0
枕头/床垫/单/围靠,50000829,0
儿童房/桌椅/家具,50005963,0
婴童床品套件,50023699,0
婴童凉席/蚊帐,50043348,0
婴幼儿推车,50010218,0
背袋/背巾/腰凳,50032624,0
汽车座椅/汽车背带,50035486,0
学步车/学步带,50072010,0
乳牙刷/训练牙刷/牙膏,50005951,0
牙胶/固齿/咬咬袋,50072021,0
防撞/防触电/门卡,50072020,0
提醒/多功能防护,50005952,0
驱蚊虫止痒,50072024,0
感冒/退烧/咳嗽,50072022,0
腹泻/护脐,50072023,0
其它用品,50043274,0
儿童玩具/早教/运动/学习,50005998,1
床铃/摇铃,50074221,0
宝宝手偶/玩偶,50074224,0
不倒翁/手抓球,50074225,0
早教/智能玩具,50008876,0
宝宝布书,50074231,0
数字屋/形状配对,50074237,0
童车/儿童轮滑,211111,0
爬行垫/游戏毯,50074601,0
学爬学步/健身架,50074223,0
户外/娱乐/运动,2512,0
游泳池/泳衣/戏水玩具,50000935,0
串珠/绕珠/蘑菇钉,50074235,0
钓鱼/打地鼠/敲打类,50074240,0
幼儿叠叠乐/布积木,50074249,0
积木类玩具,50074232,0
拼图/拼板,50074234,0
拆装组合类玩具,50074233,0
彩泥/橡皮泥/手工DIY,50074226,0
悠悠球/多米诺骨牌,50074241,0
电动/遥控玩具,50074228,0
惯性/滑行/回力玩具,50440044,0
电子玩具,50074404,0
发光玩具,50074398,0
塑料充气玩具,50548033,0
发条玩具,50444055,0
变形金刚/娃娃,50099858,0
仿真/切切看/过家家玩具,50074242,0
魔方/迷宫/解锁类,50074236,0
儿童棋牌/桌面游戏,50008528,0
儿童乐器/音乐玩具,50074230,0
学习/实验/绘画文具,50074245,0
儿童书包/箱包,1644,0
3-6岁,50077093,0
1-2岁,50077091,0
2-3岁,50077092,0
6岁以上,50077659,0
0-1岁,50077090,0
0-6个月,50096322,0
宝宝定制/纪念品,50000813,0
游乐设备/大型设施,50074248,0
其它,50000802,0
母婴线下服务,50074247,0
家装主材,27,1
阅读台灯（护眼灯、写字灯）,50095091,0
小夜灯,50051912,0
吊灯,50051917,0
各类灯饰,50051911,0
落地灯,50051915,0
装饰台灯,50051918,0
光源,50030130,0
筒灯,50095073,0
射灯,50095074,0
支架灯,50095326,0
吸顶灯,50051916,0
坐便器盖板,50066583,0
坐便器,50067021,0
一体智能坐便器,50067022,0
坐便器配件,50071979,0
蹲便器,50003559,0
小便斗,50003560,0
妇洗器,50003561,0
厨房龙头,50031127,0
淋浴花洒套装,50008932,0
花洒单头/莲蓬头,50093811,0
面盆龙头,50067002,0
浴缸淋浴龙头,50067004,0
洗衣机龙头,50067005,0
拖把池龙头,50067006,0
净身盆龙头,50067007,0
淋浴花洒龙头,50067472,0
淋浴花洒配件,50071982,0
其它卫浴用品,50002408,0
浴缸,50002411,0
地漏,50003475,0
浴霸,50030162,0
浴室柜组合,50067033,0
角阀,50066582,0
洗面盆,50067009,0
淋浴房,215903,0
置物架/五金,50003271,0
卫浴家具,50030163,0
热水器,50030157,0
水槽,50006046,0
厨房挂架,50006050,0
厨柜配件,50002409,0
橱柜/厨柜,50066628,0
集成吊顶,50030136,0
墙纸,50030153,0
地板,50030139,0
楼梯,50030135,0
套装门,50030134,0
智能家居,50030152,0
地暖/暖气片/散热器,50070602,0
涂料,50030141,0
油漆,50095630,0
窗,50096628,0
瓷砖,50030140,0
接线板插座,50103935,0
墙布/壁布,51168006,0
木工板,50096616,0
管材/配件,50096617,0
通花板,50096619,0
防腐木,50096620,0
集成板,50096621,0
铝型材,50096622,0
相框线条,50096623,0
砂岩背景墙,50096624,0
艺术玻璃,50096625,0
砂岩雕刻,50096627,0
饰面板,50096629,0
活性炭,50031115,0
装修除味/保养,2159,0
劳动保护用品,50031222,0
配件专区,50008696,0
晾衣架/晾衣杆,50070598,0
二手/闲置专区,50008725,0
毛巾架,50006027,0
其它,50108476,0
水晶灯,51160009,0
住宅家具,50008164,1
简易衣柜,50093712,0
笔记本电脑桌,50093703,0
懒人沙发,50093716,0
沙发,50008610,0
电视柜,50093714,0
茶几/几类,50034228,0
搁板/置物架,50093706,0
榻榻米,50066880,0
贵妃榻,50094972,0
床类,50033826,0
衣柜,50094975,0
床垫/席梦思,50001383,0
床头柜,50094974,0
梳妆台,50094976,0
镜子,50066897,0
餐桌,50094979,0
餐椅,50094964,0
餐边柜,50094980,0
书桌,50094983,0
电脑椅,50094965,0
书柜,50094984,0
书桌柜组合,50094986,0
书架,50093715,0
格架,50094985,0
鞋柜,50093717,0
玄关柜/厅柜,50094987,0
衣帽架,50094977,0
屏风/隔断,50066889,0
换鞋凳,50094967,0
鞋架,50094988,0
高低/子母床,50094993,0
儿童床,50094992,0
儿童学习桌,50094995,0
折叠床/午休床,50093713,0
桌椅套件,50094991,0
摇椅,50094990,0
充气床/充气垫,50094989,0
折叠凳,50094971,0
布艺沙发/扶手椅,50094879,0
床垫代购,50094878,0
其他宜家代购,50016359,0
家具安装服务,50094701,0
成套家具,2115,0
创意家具,50076844,0
设计师家具,50095917,0
情趣家具,50074089,0
家居饰品,50065206,1
装饰画,50103150,0
十字绣成品套件,50103742,0
相片墙/画片,50065266,0
相框/相架/画框,50065262,0
十字绣工具/配件,50103743,0
墙贴,50066575,0
冰箱贴,50030156,0
玻璃贴,50066577,0
开关贴,50066576,0
马桶贴,50066578,0
电脑贴,50066579,0
其他贴饰,50066580,0
装饰摆件,50065260,0
雕刻工艺,50065259,0
蜡烛/烛台,50065273,0
装饰烟灰缸,50065293,0
装饰纸巾盒,50071360,0
饰品盒,50065295,0
其他饰品,50067159,0
仿真花卉,50065322,0
花瓶/花器,50065290,0
果盘/果篓,50065297,0
仿真饰品,50065274,0
装饰器皿,50065261,0
挂钟/墙钟/落地钟,50074468,0
台钟/闹钟,50065326,0
挂饰/壁饰,50065269,0
装饰架/装饰搁板,50066581,0
装饰挂钩,50065270,0
挂牌/门牌,50065268,0
熏香/熏香炉,50065279,0
创意饰品,50065281,0
民间工艺品,50104295,0
挂历/台历,50065272,0
工艺船,50065278,0
刺绣,50103837,0
风铃及配件,50065271,0
工艺扇,50065277,0
竹碳包,50065280,0
工艺伞,50065276,0
家居布艺/床上用品,50065205,1
十字绣成品套件,50003494,0
刺绣,50066357,0
十字绣工具/配件,290209,0
布艺定制窗帘,50065208,0
布艺成品窗帘,50096178,0
门帘,50065212,0
浴帘,50065214,0
窗帘/门帘配件,50096166,0
轨道/罗马杆,50051926,0
纱窗,50096188,0
其他帘类,50096157,0
地毯,50000582,0
地垫,50000583,0
挂毯/壁毯,50000584,0
椅套,50096205,0
餐巾/餐垫,50065239,0
桌椅脚套/桌脚垫,50065229,0
桌布/桌旗,50065238,0
坐垫,50096189,0
靠垫靠枕,50074542,0
休闲毯,50076416,0
布艺收纳,50067463,0
布艺蛋糕/蛋糕毛巾,50096605,0
沙发套/沙发巾,50065228,0
家电罩,50065236,0
万能盖巾,50065237,0
其他罩/套,50074537,0
挂袋,50096194,0
装饰面料/布料,50065224,0
工艺软包,50096097,0
床品套件/四件套/多件套,50096535,0
被子,50096534,0
床单/床裙/床笠/床罩,50096533,0
其他床品,50096536,0
居家拖鞋,50096532,0
毛巾,50096530,0
浴巾,50096531,0
五金/工具,50065355,1
锁具,50065365,0
拉手,50065367,0
电钻,50104360,0
合页,50065366,0
螺丝批/旋具头,50104353,0
扳手,50104370,0
万用表,50104361,0
阀门,50104362,0
仪表仪器,50008945,0
家用五金,50065356,0
家具五金,50066643,0
电动工具,50065095,0
手动工具,50065357,0
气动工具,50065359,0
机械五金,50065360,0
机电五金,50065361,0
刃具,50065362,0
紧固件,50065363,0
液压起重工具,50065364,0
五金工具配件,50008402,0
家居装修设计/装修服务,50097129,1
零食/坚果/特产,50002766,1
传统滋补营养品,50008825,1
生态农业,50107919,1
粮油米面/土特产/调味品,50035978,1
国产大米,50009838,0
小米,50009842,0
面粉,50009839,0
薏米仁,50033513,0
泰国香米,50009943,0
黑米,50009944,0
糯米,50009945,0
糙米,50048871,0
橄榄油,50108383,0
花生油,50552001,0
更多食用油,50023551,0
菜籽油,50554001,0
山茶油,50550001,0
玉米油,50556001,0
大豆油,50550002,0
调和油,50554002,0
葡萄籽油,50560001,0
核桃油,50558001,0
玉米,50009841,0
黄豆,50108268,0
红豆,50108269,0
黑豆,50108271,0
绿豆,50108270,0
香菇/食用菌,50038140,0
黑木耳,50038143,0
银耳/白木耳,50038142,0
莲子,50038139,0
桂圆干/龙眼,50019478,0
百合,50038141,0
猴头菇,50108265,0
竹荪,50108266,0
松茸,50108267,0
荔枝干,50019479,0
香/腊肠,50562002,0
腊/腌肉,50564001,0
即食肠类,50554003,0
培根,50556002,0
醋制品,50009828,0
花椒/八角/桂皮,50009880,0
酱油,50009856,0
食糖,50009879,0
鸡精/味精,50009830,0
料酒,50009878,0
辣椒酱,50526049,0
果酱,50038497,0
咖喱,50009829,0
沙拉/千岛/蛋黄酱,50009833,0
鱼籽酱,50009834,0
虾酱,50038498,0
奶酪/黄油,50528047,0
麻油,50108543,0
鱼露,50038499,0
蚝油,50038229,0
花椒油,50108544,0
方便面,50038106,0
面条/挂面,50038111,0
速食汤,50038108,0
意大利面,50038112,0
煎饼,50038115,0
年糕,50038113,0
粽子,50038116,0
方便米饭,50038109,0
冷面,50038554,0
速食粥,50038107,0
饺子/馄饨,50100518,0
汤圆,50038114,0
烘焙原料/添加剂/辅料,50010696,0
蛋糕（预定及配送）,50095595,0
调味品/果酱/沙拉,50009821,0
干货/土特产,50038138,0
油/米/面粉/杂粮,50009837,0
罐头食品,50009898,0
方便/速食品/真空即食,50008438,0
豆腐乳,50010891,0
其它食品,50003874,0
茶/咖啡/冲饮/饮料,50103280,1
茶叶,50103359,1
水果蔬菜/水产肉类/熟食,50108542,1
车厘子/樱桃,50390004,0
芒果,50384002,0
石榴,50372017,0
奇异果/猕猴桃,50370003,0
枣,50376004,0
苹果,50380005,0
梨,50388005,0
哈密瓜,50376005,0
葡萄/提子,50374008,0
柚子,50386007,0
木瓜,50390005,0
释迦,50532044,0
龙眼,50534060,0
橙,50546046,0
李子,50536049,0
更多水果,50023560,0
蓝莓,50720002,0
牛油果,50726001,0
山药,50386025,0
番薯,50392024,0
土豆,50376023,0
腌制/泡菜,50038092,0
更多蔬菜,50010566,0
莲藕,50600015,0
大闸蟹,50095615,0
青蟹,50388019,0
三文鱼,50038136,0
鳕鱼,50372018,0
海参,50038120,0
鲍鱼,50038132,0
海蜇,50038130,0
干贝/瑶柱,50038131,0
野生甲鱼,50038135,0
虾米/虾仁,50038134,0
泥螺,50380023,0
更多水产品,50038119,0
火腿,50038173,0
香/腊肠,50386026,0
腊/腌肉,50023562,0
培根,50380016,0
猪肉,50038098,0
羊肉,50038099,0
牛肉,50392025,0
更多肉类,50008920,0
鸡肉,50038101,0
鸭肉,50038102,0
鸡蛋,50038094,0
鸭蛋,50038095,0
鸽蛋,50382018,0
咸鸭蛋,50376024,0
皮蛋,50100530,0
喜蛋,50100529,0
更多禽蛋,50038096,0
烤鸭/酱鸭,50370011,0
卤肉,50382019,0
豆干,50390019,0
凉菜,50386027,0
熟鸡,50380018,0
更多熟食,50038145,0
牛排,50038100,0
猪排,50380019,0
咖喱,50372019,0
烧烤调料,50380020,0
火锅调料,50368021,0
羊肉卷,50396015,0
贡丸,50376025,0
花枝丸,50384027,0
更多丸类,50404002,0
收纳整理防尘/清洁洗衣卫浴,50051688,1
口罩/眼罩/耳塞/劳动保护,50006277,0
梳子/便携用镜,50100774,0
剃须刀/刀片/刀架,50100762,0
洗漱包,50100764,0
喷瓶/面霜分装瓶,50100784,0
搓脚板/洗脚刷/磨脚石,50100778,0
洗脸刷/化妆刷,50100761,0
美发用具,50100804,0
沐浴球/浴擦/浴刷,50100760,0
沐浴头发用具,50100885,0
指甲刀/指甲钳,50100766,0
面扑/粉扑,50100781,0
DIY面膜工具,50100783,0
沐浴按摩用品,50100780,0
牙签,50100785,0
耳勺,50100763,0
剃须清洁刷,50100791,0
旋转拖把,50035898,0
平板拖把,50100909,0
围裙/袖套,50100887,0
垃圾桶,50044743,0
百洁布,50100908,0
垃圾袋,50044742,0
胶棉拖把,50100910,0
刷子,50100889,0
抹布,50100911,0
拖把配件,50100917,0
扫把及扫把头,50100912,0
海绵擦,50100916,0
水桶,50049484,0
擦地拖鞋,50035899,0
钢丝球,50100915,0
簸箕,50038397,0
其它清洁用品,50003951,0
垃圾架,50044744,0
置地/升降晾晒衣架,50006126,0
落地式衣帽架,50076593,0
衣物除尘滚/粘毛滚,50043613,0
夹子,50100925,0
小型晒衣架,50100926,0
裤架,50009227,0
大型晒衣架,50100927,0
毛球修剪器,50043614,0
烫衣板,50043618,0
晾衣杆,50100928,0
壁挂式衣帽架,50076594,0
叠衣板,50100930,0
搓衣板,50100924,0
衣叉,50044449,0
领带架,50100929,0
衣架,50005058,0
护洗袋,50043619,0
晒衣篮,50044433,0
脸盆,50051511,0
内衣洗护球,50043622,0
家务手套,50044751,0
马桶套/马桶座圈,50003452,0
玻璃清洁器,50006850,0
管道疏通器,50038395,0
除尘掸,50044747,0
除尘刷,50100931,0
桌面吸尘器/桌面扫,50023946,0
去静电纸,50044749,0
足浴盆/足浴桶,50100934,0
沐浴桶/沐浴盆,50100956,0
马桶刷/厕所刷,50100947,0
浴室用品套件,50100946,0
人体秤/体重秤,50100932,0
皂盒,50100945,0
乳液器,50100944,0
皂网/架,50100938,0
痰盂,50100952,0
挂钩/粘钩,50003460,0
浴帘,50100935,0
浴室角架/置物架,50006856,0
浴帘杆,50100936,0
牙刷架/牙具座,50100943,0
地垫,50100951,0
毛巾挂/毛巾架,50100940,0
浴室用品配件,50100949,0
洗漱杯/杯架,50100937,0
挤牙膏器,50100942,0
卷纸器/纸巾架,50100954,0
非便携式用镜,50100939,0
过滤器/净水器,50100955,0
水塞,50100948,0
浴帘配件,50100950,0
收纳柜,50101799,0
收纳盒,50101803,0
收纳架,50101778,0
储物箱,50101776,0
收纳袋,50101770,0
购物车,50010467,0
收纳包,50101790,0
收纳套,50101812,0
收纳篮,50101784,0
收纳桶,50101798,0
收纳凳,50048073,0
收纳罐,50101787,0
收纳瓶,50101769,0
其他收纳,50101813,0
大衣/西服罩,50101739,0
被子防尘袋,50051632,0
电扇/风扇防尘罩,50101744,0
鞋罩/靴罩/鞋袋,50101742,0
冰箱防尘罩,50101743,0
餐桌罩,50101748,0
其他防尘罩,50101745,0
电视罩,50101749,0
整理架/置物架,50101757,0
理线器/集线器/绕线器,50101754,0
夹子/收纳夹子,50101755,0
压缩工具,50101762,0
整理隔板,50101756,0
双面贴物器,50101758,0
其他整理用品,50101760,0
桌脚垫,50101763,0
橡皮筋/尼龙绳,50101759,0
大号,50107734,0
塑料制品,50107712,0
收纳挂袋,50522028,0
花洒/淋蓬头,50538025,0
发圈/发网,50530021,0
水拖,50538026,0
其他洗衣用品,50528021,0
居家日用/婚庆/创意礼品,21,1
除味/防潮竹炭包,50102532,0
创意生活,50103401,0
甲醛吸附/活性炭,50105502,0
5元以下小商品区,50049145,0
包邮专区,50046743,0
汽车除味/竹炭,50105501,0
雨伞/遮阳伞/雨具,210211,0
香薰器具,50103347,0
防蚊驱虫,50103259,0
防潮垫/抽屉垫,50103344,0
扇子/迷你风扇,50038778,0
夏季清凉,50105474,0
眼罩,50105503,0
保暖用品,50105475,0
钟/闹钟/计时器,50008275,0
居家鞋,50102692,0
缝纫机/绣花机,50103145,0
鞋用品,50006528,0
家用五金,50105476,0
家用/美发/裁缝剪刀,50006685,0
美体/减肥/塑型/增高用具,50103402,0
婚庆用品,50105473,0
节庆/派对用品,50100287,0
新年用品,50100295,0
防护/劳保用品,50105472,0
防辐射/防尘用具,50071210,0
冬季棉拖/棉鞋/棉靴,50106649,0
春秋居家拖/居家鞋,50106648,0
夏季凉拖/居家鞋,50106647,0
厨房/餐饮用具,50035867,1
杯子/水壶,50018713,0
保温杯,50096791,0
保温壶,50096792,0
玻璃杯,50067079,0
马克杯,50067099,0
运动水壶,50067102,0
杯具套装/情侣杯,50067101,0
防漏杯,50067104,0
定制杯,50067107,0
餐具瓷器套装,50067112,0
整套茶具,50067108,0
功夫茶具,50067109,0
茶具,2107,0
碗/盘/碟,50052048,0
中西餐具,50002796,0
餐桌小物,50049371,0
酒具/酒杯/酒壶,50010366,0
咖啡器具,50004438,0
饭盒,50067115,0
保鲜盒,50067114,0
保鲜用品,50052052,0
密封罐,50067116,0
厨房套刀,50067120,0
厨房置物架,50052132,0
烹饪工具,215205,0
调味瓶/罐,50067122,0
厨房配件,50035911,0
厨房储物,50052053,0
菜板砧板,50067121,0
DIY工具,50035912,0
烹饪锅具,50002802,0
炒锅,50067123,0
汤锅,50067125,0
蒸锅,50067129,0
煎锅/平底锅,50067124,0
压力锅,50067135,0
西点烘焙,50052050,0
烧烤用品,50052049,0
烧烤炉,50067137,0
蛋糕模具,50067136,0
自制寿司,50052051,0
一次性餐桌用品,50067086,0
一次性餐盒,50067142,0
纸杯,50067139,0
塑杯,50067138,0
保鲜膜,50067140,0
保鲜袋,50067141,0
垃圾桶,50038388,0
围裙/袖套,50002131,0
家务手套,50044750,0
垃圾袋,50038387,0
防油贴纸,50052133,0
锅刷/除油刷,50004413,0
钢丝球/清洁刷,50038386,0
百洁布/擦拭巾/洗碗巾,50015672,0
干燥剂,50044440,0
厨房纸巾,50051868,0
其它清洁用品,50007065,0
垃圾架,50038389,0
厨房小工具套装,50548032,0
烘焙器具套装,50530031,0
开瓶器,50536038,0
吸管,50546041,0
擀面杖,50530032,0
保温袋,50542027,0
烹饪工具套装,50528038,0
烧烤用具套装,50542029,0
洗护清洁剂/卫生巾/纸/香薰,50035458,1
卫生巾,50052104,0
抽纸,50100121,0
牙膏,50052090,0
马桶清洁剂,50038391,0
香薰用品,50052103,0
洗发水,50046062,0
牙刷,50047251,0
洗衣粉,50043812,0
洗衣液,50043564,0
沐浴露,50046063,0
足浴用品,50031804,0
鞋油,50043606,0
护发素,50047325,0
家私清洁剂,50100696,0
面膜,50076295,0
洁面皂,50096796,0
发膜,50096788,0
头发造型,50051656,0
爽肤水,50070990,0
眼膜,50076296,0
剃须啫喱,50070994,0
漱口水,50096801,0
口腔消毒美白,50096802,0
白牙素,50096800,0
牙线,50052095,0
润唇膏,50071025,0
香皂,50096797,0
私处洗液,50052105,0
身体乳液,50071028,0
花露水,50015934,0
泡泡浴,50096799,0
清凉油,50015933,0
搓泥浴宝,50096798,0
身体磨砂膏,50100691,0
防晒霜,50071006,0
洗手液,50031873,0
护手霜,50100698,0
竹醋液,50006235,0
护足霜,50100699,0
卷筒纸,50100120,0
手帕纸,50100122,0
成人纸尿裤,50076291,0
湿巾,50100119,0
护垫,50051763,0
厨房纸巾,50100692,0
防油用纸,50100693,0
洗衣皂,50043563,0
衣物柔顺剂,50043567,0
衣物消毒液,50100694,0
衣领净,50043566,0
干洗剂,50051701,0
漂白水,50043813,0
彩漂,50045252,0
洗洁精,50038382,0
油污清洁剂,50043814,0
管道疏通剂,50038392,0
洁瓷剂,50038393,0
多用途清洁液,50043821,0
防蚊/驱虫用品,50100695,0
家居消毒液,50100697,0
玻璃清洁剂,50043624,0
空气清新剂,50043587,0
甲醛用品,50100702,0
防霉防蛀片,50070854,0
干燥剂,50100700,0
冰箱除味剂,50100701,0
成人用品/避孕/计生用品,50035966,1
汽车用品/配件/摩托车,26,1
内饰用品,50032330,0
外饰装潢,50032361,0
零配件,50042584,0
改装件,50358006,0
导航系统,50069585,0
影音设备,50032447,0
电子电器,50069594,0
清洗用品,50069601,0
保养用品,50034790,0
美容用品,50034792,0
维修工具,50032297,0
加油卡,50034814,0
驾照/培训,50032486,0
保养安装服务,50076320,0
美容清洗服务,50076321,0
加装装潢改装服务,50076322,0
维修维护服务,50076324,0
其他服务,50076326,0
本地汽车生活,51338012,0
汽车新车,50032491,0
摩托车/配件,50036240,0
租车/拼车,50032452,0
安全,51246020,0
节油,51264011,0
防护,51266018,0
防晒,51242018,0
防雾,51250017,0
防远光,51250018,0
除味,51244019,0
去污,51264012,0
新车必备,51258026,0
新手上路,51242028,0
小擦小碰,51264019,0
易损常换,51268003,0
过保配件,51252021,0
车内实用,51260039,0
改装达人,51252022,0
自驾游,51240042,0
夏季行车,51246037,0
冬季行车,51266042,0
女士行车,51262029,0
车有宝宝,51268019,0
车有宠物,51246038,0
山地越野,51262030,0
摩托车/配件/骑士装备,50316001,1
沙滩车,50328001,0
卡丁车,50328002,0
越野摩托车,50328003,0
跑车,50328004,0
街车,50328005,0
踏板车,50328006,0
太子车,50328007,0
迷你摩托车,50328042,0
骑式车,50328043,0
弯梁车,50328044,0
电动摩托车,50328045,0
其他摩托车,50328074,0
摩托车零配件,50328008,0
摩托车维修工具,50328046,0
其他摩托车配件,50522026,0
摩托车头盔,50328049,0
风镜,50328050,0
骑士手套,50328051,0
摩托车雨衣,50328052,0
赛车服,50328053,0
赛车裤,50328054,0
赛车T恤,50328055,0
赛车鞋,50328056,0
骑士护具,50328057,0
骑士包,50328058,0
其它装备,50328059,0
摩托车外壳,50328085,0
摩托车车衣/车罩,50328060,0
贴纸/贴膜,50328061,0
摩托车牌照架,50328062,0
摩托车机油,50328064,0
摩托车脚踏板,50328063,0
盖帽配饰,50328065,0
清洗剂/润滑剂,50328066,0
保养工具,50328067,0
其他装饰养护用品,50328068,0
古董/邮币/字画/收藏,23,1
佛珠/念珠,50960003,0
手串/宝珠,50958003,0
佛像/神像,50944004,0
法器/供品,50954004,0
天珠,50948008,0
佛牌,50958004,0
经文/挂饰,50944005,0
罗盘,50956003,0
唐卡/画像,50968002,0
护身卡/化太岁锦囊,50948007,0
其他宗教收藏,50954003,0
中国邮票,50003875,0
外国邮票,50003877,0
港澳台邮票,230908,0
封片/杂邮,50954008,0
其它邮票,50044993,0
外国钱币,50004005,0
人民币,50026834,0
纪念币/纪念章,50026838,0
古代钱币,231001,0
民国钱币,231002,0
连体钞/纪念钞,50968011,0
港澳台钱币,50952012,0
国库券,50026842,0
外汇兑换券,50026841,0
其它钱币,50003013,0
玉石,50944016,0
奇石,50033394,0
矿物晶体,50942014,0
古生物化石,50966009,0
紫砂艺术,50003583,0
雕刻雕塑艺术品,50033329,0
当代仿古艺术品,50033339,0
陶/瓷/瓷片,50098016,0
木艺/木雕,50097383,0
趣味收藏,50097387,0
明星纪念品,50097386,0
红色收藏,50033404,0
战争纪念收藏品,50008584,0
烟具,50982003,0
酒具,50972004,0
搪瓷器具,50976002,0
篆刻印章,50033375,0
文房用品,50097395,0
西洋收藏品,50033396,0
金/银/铜/铁金属器具,50986001,0
牌、章、卡、票,50097385,0
唱片/影像,51008002,0
钟表,50033325,0
老兵器/历代武器,50008472,0
电器/电话/相机,50045016,0
其它古玩杂项,230104,0
其它收藏品,50097265,0
国画,50033361,0
书法/碑帖,50033362,0
版画,50033365,0
水彩,50980001,0
素描,50033336,0
年画,50033363,0
水粉,50033338,0
漫画,50978001,0
其他,50982001,0
日本画,50974001,0
丙烯画,50970002,0
收藏知识类书报,2314,0
连环画,50033377,0
钱币收藏用具用品,50033413,0
集邮用具用品,50033412,0
生日报,50033356,0
玉器鉴定/保养工具,50033415,0
古玩鉴定/保养工具,50033414,0
其它收藏品鉴定/保养用具,50033416,0
十字绣,51006003,0
核桃/核雕,50984003,0
景泰蓝,51020001,0
织绣/刺绣,50984005,0
琉璃,51010004,0
葫芦制品,50998002,0
琥珀,51022001,0
树脂,51000002,0
折扇/扇子,51018002,0
剪纸/窗花,51014004,0
其他手工艺品,51014003,0
宗教服务及其用品,52366029,0
书籍/杂志/报纸,33,1
音乐/影视/明星/音像,34,1
乐器/吉他/钢琴/配件,50039094,1
鲜花速递/花卉仿真/绿植园艺,50007216,1
鲜花速递(同城),290501,0
卡通花/巧克力花,50003023,0
商务用花,50033312,0
婚礼鲜花布置,50009339,0
追悼/奠仪用花,50033313,0
鲜果篮(预定与速递),50004417,0
仿真花/绿植/蔬果成品,50033311,0
花瓶/花器/花盆/花架,50009361,0
DIY仿真花材料,290503,0
花卉/绿植盆栽,50095607,0
花卉/蔬果/草坪种子,50095609,0
庭院植物/行道树木/果树,50095608,0
园艺用品,50007010,0
创意迷你植物,50095612,0
宠物/宠物食品及用品,29,1
狗狗,217309,0
犬主粮,50033297,0
宠物服装/雨衣,50034511,0
猫咪,50035755,0
狗零食,50033298,0
猫主粮,50070553,0
猫/狗日用品,50033299,0
猫/狗医疗用品,50033303,0
猫/狗清洁用品,50071276,0
猫/狗梳理美容,50071294,0
猫/狗保健品,50033302,0
猫/狗玩具,217311,0
猫零食,50070568,0
宠物鞋裤帽挂牌等配件,50001739,0
龟虾蟹类及其用品,50070957,0
鱼类及其用品,50070935,0
鸟类及用品,50008604,0
爬虫/鸣虫及其用品,50008622,0
畜牧用品,50071775,0
兔类及其用品,50033306,0
马类及其用品,50033308,0
仓鼠类及其它小宠,50033307,0
其它宠物,217302,0
宠物附属品,50071776,0
美容/寄养/配种/托运等服务,50033309,0
个性定制/设计服务/DIY,50096795,1
相册/照片书,50036519,0
写真/海报印制,50036530,0
人偶/公仔定制,50032899,0
杯子定制,50067665,0
手绘真人漫画/画类定制,50032993,0
拼图定制,50036513,0
水晶定制,50036514,0
竹简定制,50032988,0
明信片/LOMO卡,50098017,0
贴纸/名字条,50036528,0
圣旨,50067718,0
打火机定制,50032989,0
台历/年历,50036520,0
居家装饰定制,50042058,0
报纸/杂志定制,50067684,0
贺卡/卡贴,50036526,0
卡牌/扑克/邮票,50067709,0
餐具定制,50097198,0
iphone壳/保护套定制,50097183,0
u盘定制,50914001,0
ipad壳/保护套定制,50097184,0
其它手机壳/保护套定制,50097186,0
其它电脑保护套定制,50097187,0
其它播放器保护套定制,50097188,0
个性印章定制,50032984,0
胸牌定制,50098038,0
奖杯/奖牌/奖状/奖章/证书,50097485,0
个性徽章,50036515,0
趣味证书/奖状,50067664,0
物流包装定制,51134006,0
笔记本定制,50036527,0
笔定制,50098037,0
鼠标垫定制,50098039,0
项链定制,50067713,0
戒指/手链定制,50067714,0
耳饰定制,50097191,0
其它饰品定制,50099391,0
服装定制,50097169,0
箱包定制,50097170,0
配饰定制,50098281,0
鞋类定制,50097171,0
帽子定制,50097172,0
2D/3D绘图,50033172,0
设计素材/源文件,50035862,0
家装设计,50033176,0
FLASH/动画制作,50033173,0
平面设计,50033178,0
卡通/动漫/插画,50033177,0
个性签名,50033337,0
服饰设计,50033174,0
工业设计,50033175,0
其他设计服务,50554004,0
诗词定制,50098041,0
照片冲印,50962006,0
个人定制原材料,50067687,0
各类个性定制设备,50035211,0
其它定制,50032901,0
网店/网络服务/软件,50032886,1
电脑软件,50106821,0
网店服务,50106819,0
物流服务,50106836,0
网页/页面设计/源代码,50107286,0
网络建站/设备服务,50106845,0
网站维护/运营推广,50106860,0
脚本/工具,50106877,0
软件产品/界面设计,50106876,0
程序开发,50106875,0
系统架构策划,50106879,0
虚拟主机/网络硬盘,50106882,0
服务器租用/托管,50106881,0
邮局/传真服务,50106883,0
数据库/服务,50106880,0
网络钟点工,50107383,0
网络推广,50107382,0
网站竞价排名,50107381,0
商业文案起草,50107387,0
文字/原创写作,50106888,0
推广文案撰写,50107386,0
活动策划,50107385,0
广告制作/物料,50106892,0
打印/印刷,50106893,0
广告位招租,50107362,0
商品拍摄/视频服务,50106899,0
摄影摄像/电子相册,50106895,0
音频/视频制作,50106896,0
照片冲印/图片处理,50106897,0
礼品袋/塑料袋,50106904,0
包裹袋/编织袋,50106905,0
包装袋/快递袋,50106903,0
礼品盒/包装纸,50106906,0
包装纸箱/泡沫箱,50106901,0
胶带/不干胶/标签/工具,50107613,0
气泡膜/袋/信封,50106902,0
设计定做纸箱/胶带,50107621,0
会计服务,50107403,0
域名服务,50107442,0
会展服务,50106910,0
其他商务服务,50106912,0
软件cd-key/序列号,50107599,0
网络会员卡/付费卡,50107602,0
充值平台软件/加款卡,50107598,0
壁纸/图铃制作,50106915,0
手机证书制作,50106916,0
其他服务,50107594,0
本地生活超市,50038774,1
本地化生活服务,50097750,1
保洁养护,51162015,0
搬家/搬运服务,50097883,0
保姆/护理,50097886,0
房屋维修,51154012,0
家电维修,51158024,0
数码维修,51604003,0
家居服务,50108026,0
洗衣券/家政服务卡,50097888,0
便民服务,50108106,0
其他生活服务,50344022,0
报刊杂志订阅,50103083,0
商品摄影服务,50107365,0
商品展示视频拍摄/制作,50107367,0
婚庆服务,50826001,0
汽车服务,50822002,0
驾校,50354033,0
医疗服务,50105539,0
体检/医疗保健卡,50097865,0
外卖/外送/订餐服务,50093905,1
餐饮美食,50105571,1
超市卡/商场卡/优惠券,50344014,1
超市卡,50344019,0
商场/百货购物卡,50330016,0
其他购物卡,50352019,0
水电煤缴费,50334021,0
其他购物劵礼品卡,50352021,0
配镜优惠券,50388023,0
年货购物礼品卡,50344020,0
淘系优惠券,50340022,0
网上平台优惠劵,50348024,0
电影/演出/体育赛事,50097749,1
演唱会,50097754,0
话剧,50097756,0
音乐剧/歌剧,50097757,0
亲子儿童,50097759,0
音乐会,50097755,0
魔术/杂技/马戏,50097761,0
舞蹈,50097758,0
戏曲曲艺,50097760,0
其他,50097762,0
电影票,50097751,0
体育赛事,50097753,0
电影演出周边,50306014,0
展览会,50107755,0
面包/蛋糕/优惠券/购物卡,50008075,1
面包/蛋糕,50034162,0
克莉丝汀,50344012,0
味多美,50354015,0
好利来,50956001,0
85度C,50332012,0
红宝石,50954001,0
金凤呈祥,50944002,0
元祖,50346020,0
面包新语,50948002,0
月饼,50105730,0
粽子,50105731,0
礼品卡,50108128,0
超市卡,50044655,0
家乐福,50950001,0
通用卡,50044382,0
商场购物卡,50044381,0
沃尔玛,50948001,0
联华,50942001,0
大润发,50946002,0
银泰,50944001,0
人人乐,50952001,0
全家,50946001,0
饮料/酒水提货券,50034189,0
干货炒货券,50034192,0
食品提货券更多,50034194,0
大闸蟹券,50034180,0
食品提货券,50044358,0
饮用水券,50102874,0
蔬菜/年夜饭/熟食/半成品券,50103074,0
菜肴熟食提货券,50034193,0
水果提货券,50034190,0
海鲜/水产提货券,50034191,0
生肉/禽蛋提货券,50044360,0
休闲娱乐/健身/美容,50768003,1
健身卡,50792001,0
游泳,50942003,0
场馆运动,50958001,0
瑜伽,51040002,0
舞蹈/健美操,50948003,0
KTV/KTV预定,50784001,0
酒吧/俱乐部,50786001,0
美发,50794001,0
美容/美体/纤体,50960001,0
美甲,50962001,0
DIY手工,50798001,0
真人CS,50790002,0
桌游/桌球/电玩,50796001,0
户外踏青休闲,50952002,0
儿童玩乐,51024009,0
其他休闲娱乐,50950002,0
足浴/足疗,50790001,0
温泉/洗浴,51000010,0
